05/02/2018 02:21:00 PM;2718.5;2716.5;2718.5;2716.25;3872;0
05/02/2018 02:20:00 PM;2717.25;2718.5;2718.5;2715.5;3204;0
05/02/2018 02:19:00 PM;2716;2717.5;2718.5;2716;3846;0
05/02/2018 02:18:00 PM;2717;2716.25;2717.25;2715.25;9715;0
05/02/2018 02:17:00 PM;2718.5;2716.75;2719.5;2716.75;10911;0
05/02/2018 02:16:00 PM;2719.75;2718.25;2720.5;2718.25;6410;0
05/02/2018 02:15:00 PM;2723;2719.75;2723;2719.5;6883;0
05/02/2018 02:14:00 PM;2724;2723.25;2724.25;2722.75;3085;0
05/02/2018 02:13:00 PM;2723.25;2724;2724.5;2722.5;2016;0
05/02/2018 02:12:00 PM;2723.25;2723.25;2723.5;2722;2519;0
05/02/2018 02:11:00 PM;2722.25;2723.25;2725.5;2722;4267;0
05/02/2018 02:10:00 PM;2722.25;2722.25;2722.5;2721;5334;0
05/02/2018 02:09:00 PM;2723;2722;2723;2721.25;3706;0
05/02/2018 02:08:00 PM;2721.25;2722.75;2723.5;2720.5;5627;0
05/02/2018 02:07:00 PM;2723.25;2721;2723.25;2720.75;5459;0
05/02/2018 02:06:00 PM;2723.75;2723.25;2724.75;2723;4247;0
05/02/2018 02:05:00 PM;2724.75;2723.75;2726.5;2723.75;6051;0
05/02/2018 02:04:00 PM;2725.75;2724.75;2726.75;2724.75;4927;0
05/02/2018 02:03:00 PM;2726.75;2725.75;2726.75;2724.5;3541;0
05/02/2018 02:02:00 PM;2726.25;2726.75;2727;2724.5;8585;0
05/02/2018 02:01:00 PM;2729.25;2726.25;2729.5;2726;2811;0
05/02/2018 02:00:00 PM;2730.25;2728.75;2730.75;2728.5;10065;0
05/02/2018 01:59:00 PM;2728.25;2730.25;2731.25;2728;3970;0
05/02/2018 01:58:00 PM;2727.25;2728;2728.75;2727;5278;0
05/02/2018 01:57:00 PM;2727.75;2727.25;2728.5;2726.75;6985;0
05/02/2018 01:56:00 PM;2725.5;2727.75;2728;2725;33803;0
05/02/2018 01:55:00 PM;2723.25;2725.5;2726.5;2722.5;6838;0
05/02/2018 01:54:00 PM;2722;2723;2724;2722;2170;0
05/02/2018 01:53:00 PM;2722;2722;2722.25;2721;2041;0
05/02/2018 01:52:00 PM;2723.5;2722;2723.5;2721;3553;0
05/02/2018 01:51:00 PM;2721.25;2723.5;2723.75;2721;2999;0
05/02/2018 01:50:00 PM;2720.5;2721.25;2722.5;2720.25;3815;0
05/02/2018 01:49:00 PM;2719.75;2720.25;2721;2719.75;2306;0
05/02/2018 01:48:00 PM;2721.75;2720;2722;2719.25;3091;0
05/02/2018 01:47:00 PM;2719.5;2721.5;2722;2718.75;3004;0
05/02/2018 01:46:00 PM;2719;2719.25;2721.25;2719;5700;0
05/02/2018 01:45:00 PM;2718.5;2718.75;2719;2717.25;3499;0
05/02/2018 01:44:00 PM;2718.75;2718.5;2719.5;2717.5;5264;0
05/02/2018 01:43:00 PM;2718.75;2719;2719.75;2717.75;2484;0
05/02/2018 01:42:00 PM;2719.75;2718.5;2720;2717;3201;0
05/02/2018 01:41:00 PM;2719.25;2719.75;2721;2718.75;3617;0
05/02/2018 01:40:00 PM;2715.25;2719.25;2719.75;2715;5599;0
05/02/2018 01:39:00 PM;2717;2715.5;2717.75;2715;3359;0
05/02/2018 01:38:00 PM;2718;2717;2720.25;2716;9539;0
05/02/2018 01:37:00 PM;2719.75;2718;2719.75;2717.25;9065;0
05/02/2018 01:36:00 PM;2721;2719.75;2721;2719.5;2889;0
05/02/2018 01:35:00 PM;2719.25;2720.75;2721;2719;3662;0
05/02/2018 01:34:00 PM;2722.5;2719.25;2722.75;2718.25;3833;0
05/02/2018 01:33:00 PM;2722.75;2722.25;2723.75;2721.75;19918;0
05/02/2018 01:32:00 PM;2721.25;2723;2723.75;2721;6399;0
05/02/2018 01:31:00 PM;2720.25;2721.25;2722.25;2719.75;4111;0
05/02/2018 01:30:00 PM;2718.75;2720;2721.75;2718.75;4460;0
05/02/2018 01:29:00 PM;2718;2718.75;2720;2716.75;3291;0
05/02/2018 01:28:00 PM;2717.25;2717.75;2718;2715;7369;0
05/02/2018 01:27:00 PM;2717.25;2717.5;2719.25;2717;13145;0
05/02/2018 01:26:00 PM;2720.5;2717.25;2720.75;2716.25;5900;0
05/02/2018 01:25:00 PM;2722;2720.5;2722.25;2719.5;3447;0
05/02/2018 01:24:00 PM;2721.25;2722;2722.5;2721;3528;0
05/02/2018 01:23:00 PM;2722;2721.25;2722.5;2720.25;2329;0
05/02/2018 01:22:00 PM;2719.75;2721.75;2722.25;2719.75;27554;0
05/02/2018 01:21:00 PM;2722;2719.75;2723.25;2719.5;3502;0
05/02/2018 01:20:00 PM;2719.5;2722;2722.25;2718.75;4130;0
05/02/2018 01:19:00 PM;2721;2719.25;2721.25;2719;2822;0
05/02/2018 01:18:00 PM;2721.25;2721;2722.5;2720.5;4197;0
05/02/2018 01:17:00 PM;2722.5;2721.25;2723.75;2720.25;6581;0
05/02/2018 01:16:00 PM;2726;2722.25;2726.25;2722;5575;0
05/02/2018 01:15:00 PM;2725.5;2726;2726.5;2723.75;17714;0
05/02/2018 01:14:00 PM;2724.75;2725.25;2726;2724.5;4605;0
05/02/2018 01:13:00 PM;2724.5;2724.75;2727;2724.5;4735;0
05/02/2018 01:12:00 PM;2724;2724.5;2724.75;2721.75;3983;0
05/02/2018 01:11:00 PM;2724;2724;2724.75;2721.75;10534;0
05/02/2018 01:10:00 PM;2722.75;2723.75;2725.25;2722.5;3811;0
05/02/2018 01:09:00 PM;2726;2722.75;2726.25;2722.75;9405;0
05/02/2018 01:08:00 PM;2725.25;2725.75;2726.75;2724.75;9659;0
05/02/2018 01:07:00 PM;2726.75;2725.25;2727.25;2725.25;6372;0
05/02/2018 01:06:00 PM;2728.75;2727;2729.75;2725.5;12388;0
05/02/2018 01:05:00 PM;2726.75;2728.75;2729.25;2725.5;7406;0
05/02/2018 01:04:00 PM;2728.75;2726.5;2729.5;2726.25;24257;0
05/02/2018 01:03:00 PM;2729.5;2728.75;2730.5;2728;5357;0
05/02/2018 01:02:00 PM;2732.75;2729.25;2732.75;2728.5;7198;0
05/02/2018 01:01:00 PM;2733.5;2732.5;2734.25;2731.5;7418;0
05/02/2018 01:00:00 PM;2736;2733.5;2736.25;2733.25;12811;0
05/02/2018 12:59:00 PM;2737.25;2736;2737.5;2736;1948;0
05/02/2018 12:58:00 PM;2738.75;2737;2739;2736.5;3375;0
05/02/2018 12:57:00 PM;2740.5;2738.75;2741.25;2737.75;4167;0
05/02/2018 12:56:00 PM;2741.75;2740.5;2742.25;2740.5;2875;0
05/02/2018 12:55:00 PM;2740.5;2741.75;2742.25;2740;2159;0
05/02/2018 12:54:00 PM;2741.25;2740.25;2742;2740.25;1951;0
05/02/2018 12:53:00 PM;2741.5;2741.25;2742.5;2741.25;1483;0
05/02/2018 12:52:00 PM;2741.75;2741.5;2742.25;2740.75;4861;0
05/02/2018 12:51:00 PM;2743;2741.75;2743.25;2741.75;2370;0
05/02/2018 12:50:00 PM;2741.5;2743.25;2743.25;2741.25;3077;0
05/02/2018 12:49:00 PM;2740.5;2741.75;2742.75;2740.5;3020;0
05/02/2018 12:48:00 PM;2739.5;2740.75;2741;2739.5;5762;0
05/02/2018 12:47:00 PM;2739.5;2739.25;2739.5;2738.5;2533;0
05/02/2018 12:46:00 PM;2741.25;2739.5;2741.25;2739.25;2449;0
05/02/2018 12:45:00 PM;2741;2741.25;2742;2740.25;2286;0
05/02/2018 12:44:00 PM;2739.25;2741;2741.25;2738.25;2834;0
05/02/2018 12:43:00 PM;2738.75;2739;2739.25;2738.25;1644;0
05/02/2018 12:42:00 PM;2739.25;2739;2739.25;2738.5;1760;0
05/02/2018 12:41:00 PM;2740;2739.5;2740.25;2738.75;3140;0
05/02/2018 12:40:00 PM;2737.5;2740.25;2740.75;2737.25;2775;0
05/02/2018 12:39:00 PM;2739.5;2737.5;2740.25;2737.25;1621;0
05/02/2018 12:38:00 PM;2738.25;2739.5;2740;2738;1576;0
05/02/2018 12:37:00 PM;2738.75;2738.25;2738.75;2737.25;2580;0
05/02/2018 12:36:00 PM;2737.75;2739;2739;2737.5;1878;0
05/02/2018 12:35:00 PM;2740.75;2738;2740.75;2737.5;4959;0
05/02/2018 12:34:00 PM;2741.25;2740.75;2742;2740.5;9642;0
05/02/2018 12:33:00 PM;2739.25;2741.5;2741.75;2738.5;5231;0
05/02/2018 12:32:00 PM;2739.5;2739.5;2739.75;2738.75;2718;0
05/02/2018 12:31:00 PM;2739.25;2739.5;2740;2738.25;2672;0
05/02/2018 12:30:00 PM;2737.25;2739.25;2739.25;2736;6810;0
05/02/2018 12:29:00 PM;2736.75;2737;2737.75;2735.5;1404;0
05/02/2018 12:28:00 PM;2736.5;2736.75;2737.5;2735.5;5922;0
05/02/2018 12:27:00 PM;2738.75;2736.5;2739;2736.5;3606;0
05/02/2018 12:26:00 PM;2736.25;2738.5;2739.75;2736.25;11749;0
05/02/2018 12:25:00 PM;2734.25;2736.25;2736.75;2734;5365;0
05/02/2018 12:24:00 PM;2733.75;2734.5;2736.25;2733.5;31173;0
05/02/2018 12:23:00 PM;2734;2734;2734.75;2732.5;4277;0
05/02/2018 12:22:00 PM;2737;2733.5;2737.25;2733.5;7673;0
05/02/2018 12:21:00 PM;2737.25;2737;2738;2737;2922;0
05/02/2018 12:20:00 PM;2737;2737.25;2737.5;2735.75;6233;0
05/02/2018 12:19:00 PM;2738.25;2737.25;2738.75;2737;3109;0
05/02/2018 12:18:00 PM;2738.5;2738.5;2740;2738.25;4275;0
05/02/2018 12:17:00 PM;2739.5;2738.5;2739.5;2737.75;7381;0
05/02/2018 12:16:00 PM;2740;2739.5;2741.25;2739.25;3103;0
05/02/2018 12:15:00 PM;2742;2740;2742;2739.5;7129;0
05/02/2018 12:14:00 PM;2743.25;2741.75;2743.25;2741;11157;0
05/02/2018 12:13:00 PM;2743;2743;2743.5;2742.75;1261;0
05/02/2018 12:12:00 PM;2742;2743;2744;2742;3981;0
05/02/2018 12:11:00 PM;2741.5;2742.25;2742.25;2741;2457;0
05/02/2018 12:10:00 PM;2742;2741.5;2742.5;2741.5;2007;0
05/02/2018 12:09:00 PM;2743.25;2742;2743.75;2742;3029;0
05/02/2018 12:08:00 PM;2743.75;2743.5;2744.75;2743.5;1762;0
05/02/2018 12:07:00 PM;2744;2743.75;2745.25;2743.75;2266;0
05/02/2018 12:06:00 PM;2745.25;2744;2745.5;2743.75;1422;0
05/02/2018 12:05:00 PM;2744.75;2745.75;2745.75;2743.5;3735;0
05/02/2018 12:04:00 PM;2746.5;2744.75;2747.25;2744.75;3673;0
05/02/2018 12:03:00 PM;2746;2746.5;2746.75;2745.5;1994;0
05/02/2018 12:02:00 PM;2747.25;2745.75;2747.25;2745.75;1908;0
05/02/2018 12:01:00 PM;2748.5;2747;2748.5;2747;2751;0
05/02/2018 12:00:00 PM;2749.25;2748.5;2750;2748.5;1332;0
05/02/2018 11:59:00 AM;2749.75;2749.25;2750;2749.25;7783;0
05/02/2018 11:58:00 AM;2749.5;2749.75;2749.75;2748.5;2008;0
05/02/2018 11:57:00 AM;2746.5;2749.5;2749.5;2745.75;5331;0
05/02/2018 11:56:00 AM;2747.25;2746.25;2747.25;2746;2094;0
05/02/2018 11:55:00 AM;2746;2747.25;2747.25;2745.75;2772;0
05/02/2018 11:54:00 AM;2746.75;2746;2747;2745.75;2894;0
05/02/2018 11:53:00 AM;2746.75;2746.5;2747;2746.25;1850;0
05/02/2018 11:52:00 AM;2746.25;2746.5;2746.75;2745.75;2562;0
05/02/2018 11:51:00 AM;2745.25;2746.25;2746.5;2745.25;2684;0
05/02/2018 11:50:00 AM;2744.25;2745.25;2745.75;2744.25;2050;0
05/02/2018 11:49:00 AM;2745.5;2744.5;2745.5;2744.5;2133;0
05/02/2018 11:48:00 AM;2745.5;2745.75;2746.5;2745.25;1277;0
05/02/2018 11:47:00 AM;2746.5;2745.5;2746.5;2745.25;2557;0
05/02/2018 11:46:00 AM;2746.75;2746.5;2747;2746;1840;0
05/02/2018 11:45:00 AM;2745.75;2746.75;2747;2745.75;4830;0
05/02/2018 11:44:00 AM;2745.75;2745.75;2746.25;2744.75;4156;0
05/02/2018 11:43:00 AM;2748.75;2745.5;2748.75;2745.5;6980;0
05/02/2018 11:42:00 AM;2747.5;2748.5;2749.25;2747.5;3428;0
05/02/2018 11:41:00 AM;2749.75;2747.5;2750.25;2747.5;2958;0
05/02/2018 11:40:00 AM;2749.5;2749.5;2750;2748.25;2535;0
05/02/2018 11:39:00 AM;2750;2750;2750.25;2749.5;2884;0
05/02/2018 11:38:00 AM;2749.25;2749.75;2750.25;2749;1818;0
05/02/2018 11:37:00 AM;2749.75;2749;2750;2748.75;7888;0
05/02/2018 11:36:00 AM;2750;2749.5;2750.5;2748.5;4057;0
05/02/2018 11:35:00 AM;2751.75;2750;2752;2750;3118;0
05/02/2018 11:34:00 AM;2750.25;2751.75;2752;2750;2735;0
05/02/2018 11:33:00 AM;2750.5;2750.25;2752;2750;8556;0
05/02/2018 11:32:00 AM;2750.25;2750.5;2751.25;2749.5;3124;0
05/02/2018 11:31:00 AM;2751.25;2750.25;2751.75;2749.75;3732;0
05/02/2018 11:30:00 AM;2753;2751.5;2753.25;2750.25;5224;0
05/02/2018 11:29:00 AM;2755;2753;2755;2752.5;5595;0
05/02/2018 11:28:00 AM;2756;2754.75;2756.5;2754.75;13587;0
05/02/2018 11:27:00 AM;2755.25;2756;2756.5;2755.25;1346;0
05/02/2018 11:26:00 AM;2756;2755.25;2756.25;2755.25;754;0
05/02/2018 11:25:00 AM;2755.5;2756.25;2756.75;2755;1840;0
05/02/2018 11:24:00 AM;2755.5;2755.5;2756.5;2754.25;4153;0
05/02/2018 11:23:00 AM;2753.5;2755.5;2755.5;2753.5;3163;0
05/02/2018 11:22:00 AM;2752;2753.5;2754;2752;3313;0
05/02/2018 11:21:00 AM;2753.25;2752;2753.75;2751.5;4896;0
05/02/2018 11:20:00 AM;2754.5;2753.25;2755.25;2753.25;3621;0
05/02/2018 11:19:00 AM;2755;2754.5;2755.5;2754.25;1555;0
05/02/2018 11:18:00 AM;2755;2755;2755.75;2754.25;3215;0
05/02/2018 11:17:00 AM;2755.75;2755;2756.5;2755;1748;0
05/02/2018 11:16:00 AM;2755.25;2756;2756.75;2755.25;843;0
05/02/2018 11:15:00 AM;2755.25;2755.25;2756.25;2755;2451;0
05/02/2018 11:14:00 AM;2755.5;2755.25;2756.75;2755;4058;0
05/02/2018 11:13:00 AM;2757.5;2755.25;2757.5;2755.25;6486;0
05/02/2018 11:12:00 AM;2756.75;2757.5;2757.75;2756.5;2109;0
05/02/2018 11:11:00 AM;2756.5;2756.75;2757;2755.25;3008;0
05/02/2018 11:10:00 AM;2757;2756.5;2757;2755.75;2213;0
05/02/2018 11:09:00 AM;2756.75;2757;2757;2756.25;1286;0
05/02/2018 11:08:00 AM;2757.5;2756.75;2758.25;2756.75;1274;0
05/02/2018 11:07:00 AM;2758.25;2757.25;2758.25;2756.75;1027;0
05/02/2018 11:06:00 AM;2756.25;2758.25;2758.5;2756;1340;0
05/02/2018 11:05:00 AM;2757;2756.25;2757;2756;8054;0
05/02/2018 11:04:00 AM;2757.5;2757;2757.5;2755.5;3703;0
05/02/2018 11:03:00 AM;2759;2757.25;2759;2757;1931;0
05/02/2018 11:02:00 AM;2758.75;2759;2759.5;2757.75;3624;0
05/02/2018 11:01:00 AM;2760.75;2758.5;2761.25;2758.5;5711;0
05/02/2018 11:00:00 AM;2758.25;2761;2761.75;2758.25;20217;0
05/02/2018 10:59:00 AM;2760.25;2758.5;2760.25;2756.5;3256;0
05/02/2018 10:58:00 AM;2759.75;2760.25;2761.5;2759.5;4328;0
05/02/2018 10:57:00 AM;2760.75;2759.75;2761;2759.25;1339;0
05/02/2018 10:56:00 AM;2760;2760.5;2760.75;2759.75;2568;0
05/02/2018 10:55:00 AM;2758.75;2760;2760;2757.75;10651;0
05/02/2018 10:54:00 AM;2759.5;2758.75;2760.75;2758.25;2652;0
05/02/2018 10:53:00 AM;2759;2759.5;2759.75;2758.75;1937;0
05/02/2018 10:52:00 AM;2758.5;2759;2760.75;2758;5796;0
05/02/2018 10:51:00 AM;2759.25;2758.25;2760;2758.25;2100;0
05/02/2018 10:50:00 AM;2760.5;2759.25;2761;2758.25;4462;0
05/02/2018 10:49:00 AM;2762;2760.5;2762.5;2760.5;2503;0
05/02/2018 10:48:00 AM;2761.25;2762.25;2762.5;2760.5;13909;0
05/02/2018 10:47:00 AM;2761.75;2761.5;2762;2760.5;2684;0
05/02/2018 10:46:00 AM;2759.25;2761.5;2762;2758.75;3171;0
05/02/2018 10:45:00 AM;2757.75;2759.25;2759.5;2757.25;3796;0
05/02/2018 10:44:00 AM;2756;2758;2758.25;2755.75;1930;0
05/02/2018 10:43:00 AM;2756.5;2756;2757;2755.75;2718;0
05/02/2018 10:42:00 AM;2757.75;2756.75;2757.75;2755.25;6985;0
05/02/2018 10:41:00 AM;2754.5;2757.5;2758.25;2754.5;7565;0
05/02/2018 10:40:00 AM;2754.5;2754.25;2755.75;2754.25;25173;0
05/02/2018 10:39:00 AM;2753.5;2754.25;2755.25;2753.5;3170;0
05/02/2018 10:38:00 AM;2756;2753.5;2756.5;2753.25;2384;0
05/02/2018 10:37:00 AM;2756;2756.25;2757;2754.75;3111;0
05/02/2018 10:36:00 AM;2756.25;2756;2757.75;2756;2264;0
05/02/2018 10:35:00 AM;2755;2756.25;2756.25;2755;3031;0
05/02/2018 10:34:00 AM;2755.5;2755.25;2756.75;2754.75;5899;0
05/02/2018 10:33:00 AM;2757.25;2755.5;2757.25;2755;5993;0
05/02/2018 10:32:00 AM;2757.25;2757.25;2758;2756.25;4622;0
05/02/2018 10:31:00 AM;2759.5;2757.25;2759.5;2757;29415;0
05/02/2018 10:30:00 AM;2761;2759.5;2761.5;2759;5960;0
05/02/2018 10:29:00 AM;2761;2761;2761.75;2760.75;2303;0
05/02/2018 10:28:00 AM;2760.5;2761;2761.5;2760.25;3901;0
05/02/2018 10:27:00 AM;2762.5;2760.5;2762.75;2760.5;2981;0
05/02/2018 10:26:00 AM;2761.75;2762.5;2763;2761.5;2540;0
05/02/2018 10:25:00 AM;2759.75;2762;2762;2759.5;7086;0
05/02/2018 10:24:00 AM;2757.75;2759.75;2759.75;2757.75;6210;0
05/02/2018 10:23:00 AM;2756.5;2758;2758;2756.25;14920;0
05/02/2018 10:22:00 AM;2756;2756.5;2756.75;2755.75;2458;0
05/02/2018 10:21:00 AM;2756;2756;2756.25;2755;4136;0
05/02/2018 10:20:00 AM;2754.5;2756;2756.5;2753.5;7854;0
05/02/2018 10:19:00 AM;2754.5;2754.5;2755;2754;7330;0
05/02/2018 10:18:00 AM;2752.5;2754.5;2754.5;2752.25;3097;0
05/02/2018 10:17:00 AM;2752.75;2752.25;2753;2751.75;16918;0
05/02/2018 10:16:00 AM;2754.75;2753;2754.75;2752.5;2026;0
05/02/2018 10:15:00 AM;2754.5;2754.75;2755;2753;3176;0
05/02/2018 10:14:00 AM;2752.75;2754.75;2754.75;2752.5;4989;0
05/02/2018 10:13:00 AM;2751.25;2752.75;2752.75;2750.75;6472;0
05/02/2018 10:12:00 AM;2750.25;2751.5;2751.5;2749.5;4348;0
05/02/2018 10:11:00 AM;2751.25;2750.25;2751.75;2749.25;9562;0
05/02/2018 10:10:00 AM;2749.5;2751.5;2752;2749.25;11025;0
05/02/2018 10:09:00 AM;2749.5;2749.5;2750;2748.75;32571;0
05/02/2018 10:08:00 AM;2747;2749.5;2749.75;2746.5;3366;0
05/02/2018 10:07:00 AM;2745.25;2747;2747;2745.25;1951;0
05/02/2018 10:06:00 AM;2744.5;2745.25;2745.5;2744;1403;0
05/02/2018 10:05:00 AM;2745;2744.5;2745.75;2743.75;3047;0
05/02/2018 10:04:00 AM;2744.5;2745.25;2745.75;2744.25;2315;0
05/02/2018 10:03:00 AM;2744.75;2744.75;2746.5;2743.5;7448;0
05/02/2018 10:02:00 AM;2741.25;2744.75;2744.75;2740.5;9205;0
05/02/2018 10:01:00 AM;2743.25;2741.25;2743.25;2741;3342;0
05/02/2018 10:00:00 AM;2744.25;2743.25;2744.5;2741.75;5324;0
05/02/2018 09:59:00 AM;2742.75;2744.5;2744.75;2742.75;1545;0
05/02/2018 09:58:00 AM;2744;2743;2744.25;2742.5;7135;0
05/02/2018 09:57:00 AM;2744.75;2744;2745;2743.25;2953;0
05/02/2018 09:56:00 AM;2743.5;2745;2745;2743.25;3451;0
05/02/2018 09:55:00 AM;2742.5;2743.5;2744;2742;12617;0
05/02/2018 09:54:00 AM;2741;2742.5;2743.5;2740.5;3428;0
05/02/2018 09:53:00 AM;2742;2741.25;2742.25;2740.5;4181;0
05/02/2018 09:52:00 AM;2739.5;2741.75;2742;2739;3462;0
05/02/2018 09:51:00 AM;2740.5;2739.5;2740.75;2739;35730;0
05/02/2018 09:50:00 AM;2740;2740.25;2742.75;2740;9045;0
05/02/2018 09:49:00 AM;2740.5;2740;2740.5;2739.25;2586;0
05/02/2018 09:48:00 AM;2738;2740.25;2740.25;2737.75;2245;0
05/02/2018 09:47:00 AM;2741;2738.25;2741;2737.25;2946;0
05/02/2018 09:46:00 AM;2742.25;2740.75;2742.75;2740;1633;0
05/02/2018 09:45:00 AM;2739.25;2742.25;2742.25;2739.25;2897;0
05/02/2018 09:44:00 AM;2739;2739.5;2740.25;2738;3613;0
05/02/2018 09:43:00 AM;2740;2738.75;2740.25;2737.75;3249;0
05/02/2018 09:42:00 AM;2740;2739.75;2742.25;2739.25;10651;0
05/02/2018 09:41:00 AM;2742;2740.25;2742.5;2739.25;30230;0
05/02/2018 09:40:00 AM;2742;2742;2743;2741.25;6786;0
05/02/2018 09:39:00 AM;2743.5;2742;2743.5;2740;3773;0
05/02/2018 09:38:00 AM;2744.5;2743.75;2745;2743.25;3486;0
05/02/2018 09:37:00 AM;2745.75;2744.5;2746.5;2744.5;2682;0
05/02/2018 09:36:00 AM;2744.75;2745.75;2746.25;2744.5;2776;0
05/02/2018 09:35:00 AM;2743.25;2744.5;2745.5;2742.25;16322;0
05/02/2018 09:34:00 AM;2742.5;2743;2743.25;2741.75;11553;0
05/02/2018 09:33:00 AM;2740.5;2742;2742.25;2739.75;5574;0
05/02/2018 09:32:00 AM;2738.75;2740.25;2741.75;2738.75;18374;0
05/02/2018 09:31:00 AM;2734.5;2738.75;2739;2734.5;9577;0
05/02/2018 09:30:00 AM;2739.25;2734.5;2739.25;2734.25;31186;0
05/02/2018 09:29:00 AM;2738.5;2739;2739.25;2738.25;4267;0
05/02/2018 09:28:00 AM;2739.25;2738.5;2739.25;2738.5;3684;0
05/02/2018 09:27:00 AM;2739.75;2739.25;2740;2739;2300;0
05/02/2018 09:26:00 AM;2739.5;2739.75;2740;2739.25;767;0
05/02/2018 09:25:00 AM;2739.5;2739.75;2740.25;2739.25;2078;0
05/02/2018 09:24:00 AM;2740.25;2739.5;2740.5;2739.5;2439;0
05/02/2018 09:23:00 AM;2740.25;2740.25;2740.75;2740;576;0
05/02/2018 09:22:00 AM;2740.5;2740.25;2740.5;2739.75;1572;0
05/02/2018 09:21:00 AM;2741.25;2740.25;2741.25;2740.25;1275;0
05/02/2018 09:20:00 AM;2741.5;2741.25;2741.75;2741;604;0
05/02/2018 09:19:00 AM;2742;2741.75;2742;2741.75;214;0
05/02/2018 09:18:00 AM;2741.25;2741.75;2742.25;2741.25;842;0
05/02/2018 09:17:00 AM;2742.25;2741.5;2742.25;2741.25;990;0
05/02/2018 09:16:00 AM;2742.25;2742.25;2743;2742;525;0
05/02/2018 09:15:00 AM;2743;2742.25;2743;2742;712;0
05/02/2018 09:14:00 AM;2741.25;2742.75;2743;2741.25;1419;0
05/02/2018 09:13:00 AM;2742.5;2741.25;2742.5;2741.25;1629;0
05/02/2018 09:12:00 AM;2742.75;2742.25;2742.75;2742.25;914;0
05/02/2018 09:11:00 AM;2743.75;2743;2744;2742.5;1272;0
05/02/2018 09:10:00 AM;2742.75;2743.75;2743.75;2742.75;883;0
05/02/2018 09:09:00 AM;2743.25;2742.75;2743.25;2742.25;1008;0
05/02/2018 09:08:00 AM;2742.75;2743.25;2743.5;2742.5;2454;0
05/02/2018 09:07:00 AM;2742.5;2742.5;2742.75;2742.25;614;0
05/02/2018 09:06:00 AM;2742.25;2742.25;2743;2742;721;0
05/02/2018 09:05:00 AM;2743.75;2742.25;2744;2742;2444;0
05/02/2018 09:04:00 AM;2744.5;2743.75;2744.5;2743.5;666;0
05/02/2018 09:03:00 AM;2744;2744.5;2745;2744;1278;0
05/02/2018 09:02:00 AM;2745.75;2744;2745.75;2743.75;2190;0
05/02/2018 09:01:00 AM;2746.25;2745.5;2746.5;2745.5;882;0
05/02/2018 09:00:00 AM;2746.5;2746.25;2747;2745.75;1347;0
05/02/2018 08:59:00 AM;2746.5;2746.5;2747.25;2746;1783;0
05/02/2018 08:58:00 AM;2745.5;2746.5;2747.25;2745.5;1853;0
05/02/2018 08:57:00 AM;2747.75;2745.5;2747.75;2745.5;935;0
05/02/2018 08:56:00 AM;2746.5;2747.5;2747.75;2746.25;1115;0
05/02/2018 08:55:00 AM;2747.25;2746.5;2748;2746.25;1915;0
05/02/2018 08:54:00 AM;2746.5;2747.25;2747.5;2746;1220;0
05/02/2018 08:53:00 AM;2747.25;2746.5;2747.5;2746;964;0
05/02/2018 08:52:00 AM;2747;2747.25;2747.5;2746.25;1028;0
05/02/2018 08:51:00 AM;2747.5;2747.25;2748;2747;2108;0
05/02/2018 08:50:00 AM;2748.25;2747.5;2748.25;2746.5;1712;0
05/02/2018 08:49:00 AM;2748.75;2748.5;2749;2747.75;970;0
05/02/2018 08:48:00 AM;2749.5;2748.75;2749.75;2748.5;1404;0
05/02/2018 08:47:00 AM;2749;2749.75;2750;2748.5;2947;0
05/02/2018 08:46:00 AM;2749.5;2749.25;2749.75;2749;1669;0
05/02/2018 08:45:00 AM;2748;2749.25;2749.75;2748;2661;0
05/02/2018 08:44:00 AM;2748.25;2748;2748.5;2747.5;1369;0
05/02/2018 08:43:00 AM;2747.75;2748.25;2748.25;2746.75;1272;0
05/02/2018 08:42:00 AM;2747.75;2747.75;2748;2746.75;807;0
05/02/2018 08:41:00 AM;2747.75;2747.75;2748.5;2747.25;1188;0
05/02/2018 08:40:00 AM;2746.5;2747.75;2748;2746.25;876;0
05/02/2018 08:39:00 AM;2746.75;2746.5;2747;2745.5;1503;0
05/02/2018 08:38:00 AM;2747.5;2746.5;2747.5;2746.5;1083;0
05/02/2018 08:37:00 AM;2748;2747.75;2748;2746.25;2258;0
05/02/2018 08:36:00 AM;2748.25;2748;2748.75;2747.5;1005;0
05/02/2018 08:35:00 AM;2748.5;2748.25;2748.5;2747;2095;0
05/02/2018 08:34:00 AM;2748.25;2748.5;2748.75;2747.75;1229;0
05/02/2018 08:33:00 AM;2747.5;2748.25;2748.25;2747.25;732;0
05/02/2018 08:32:00 AM;2748.5;2747.5;2748.5;2747.25;1254;0
05/02/2018 08:31:00 AM;2747;2748.25;2748.75;2746.75;2306;0
05/02/2018 08:30:00 AM;2746.25;2747.25;2747.75;2746;1842;0
05/02/2018 08:29:00 AM;2745.75;2746.25;2746.5;2745.75;957;0
05/02/2018 08:28:00 AM;2745.75;2745.5;2746.25;2745.25;983;0
05/02/2018 08:27:00 AM;2745.5;2745.75;2746.25;2745.5;927;0
05/02/2018 08:26:00 AM;2745.5;2745.75;2746;2744.75;1686;0
05/02/2018 08:25:00 AM;2746;2745.5;2746.5;2745.5;812;0
05/02/2018 08:24:00 AM;2747;2746;2747.25;2744.5;2871;0
05/02/2018 08:23:00 AM;2747.5;2747;2747.75;2747;1056;0
05/02/2018 08:22:00 AM;2746.75;2747.5;2747.5;2746.75;1423;0
05/02/2018 08:21:00 AM;2746.5;2747;2747;2746.25;1475;0
05/02/2018 08:20:00 AM;2746.25;2746.5;2746.5;2745.75;695;0
05/02/2018 08:19:00 AM;2745.5;2746;2746.5;2745.5;1123;0
05/02/2018 08:18:00 AM;2744.75;2745.5;2746;2744.5;2476;0
05/02/2018 08:17:00 AM;2744.5;2744.75;2745;2744;605;0
05/02/2018 08:16:00 AM;2744;2744.5;2744.5;2743.75;418;0
05/02/2018 08:15:00 AM;2744;2744;2744.5;2743.5;821;0
05/02/2018 08:14:00 AM;2744;2744;2744.25;2743.5;920;0
05/02/2018 08:13:00 AM;2742.75;2743.75;2743.75;2742.75;1005;0
05/02/2018 08:12:00 AM;2743.75;2742.75;2744;2742.75;1395;0
05/02/2018 08:11:00 AM;2743.75;2743.75;2744.5;2742.5;2306;0
05/02/2018 08:10:00 AM;2742.25;2743.5;2743.75;2742.25;1213;0
05/02/2018 08:09:00 AM;2742.25;2742.5;2742.5;2742;468;0
05/02/2018 08:08:00 AM;2742.75;2742;2743;2741.75;593;0
05/02/2018 08:07:00 AM;2743.5;2742.75;2743.5;2742.5;527;0
05/02/2018 08:06:00 AM;2743.75;2743.25;2743.75;2742.5;504;0
05/02/2018 08:05:00 AM;2743.5;2743.5;2744;2743;1331;0
05/02/2018 08:04:00 AM;2742.25;2743.5;2743.5;2742.25;613;0
05/02/2018 08:03:00 AM;2742;2742.25;2742.5;2741.75;380;0
05/02/2018 08:02:00 AM;2742;2742;2742.5;2741.75;825;0
05/02/2018 08:01:00 AM;2741.75;2742.25;2742.5;2741.75;877;0
05/02/2018 08:00:00 AM;2743.25;2741.75;2743.25;2741.5;1339;0
05/02/2018 07:59:00 AM;2741.25;2743.25;2744;2741;1930;0
05/02/2018 07:58:00 AM;2739.5;2741;2741.25;2739.25;1100;0
05/02/2018 07:57:00 AM;2738.5;2739.25;2739.25;2738.5;608;0
05/02/2018 07:56:00 AM;2739;2738.5;2739.25;2738.5;737;0
05/02/2018 07:55:00 AM;2739;2739;2739.5;2738.75;407;0
05/02/2018 07:54:00 AM;2739.5;2739.25;2739.5;2739;608;0
05/02/2018 07:53:00 AM;2739;2739.5;2739.5;2738.5;768;0
05/02/2018 07:52:00 AM;2739.5;2739;2739.75;2739;971;0
05/02/2018 07:51:00 AM;2739.75;2739.75;2739.75;2739.25;372;0
05/02/2018 07:50:00 AM;2737.75;2739.5;2739.5;2737.75;1129;0
05/02/2018 07:49:00 AM;2737.25;2737.75;2738;2737;428;0
05/02/2018 07:48:00 AM;2736.5;2737.5;2737.75;2736.25;995;0
05/02/2018 07:47:00 AM;2737;2736.5;2737.5;2736.25;793;0
05/02/2018 07:46:00 AM;2737.75;2737;2738.5;2737;765;0
05/02/2018 07:45:00 AM;2738.25;2737.5;2738.5;2737;572;0
05/02/2018 07:44:00 AM;2737.75;2738.25;2738.25;2737.25;1015;0
05/02/2018 07:43:00 AM;2740.5;2737.75;2740.75;2737.75;1569;0
05/02/2018 07:42:00 AM;2741.5;2740.5;2741.5;2740.5;378;0
05/02/2018 07:41:00 AM;2741.75;2741.5;2742;2741;1325;0
05/02/2018 07:40:00 AM;2742.25;2742;2742.5;2741.75;414;0
05/02/2018 07:39:00 AM;2742.75;2742;2743.25;2742;375;0
05/02/2018 07:38:00 AM;2742.5;2742.75;2743;2742.25;486;0
05/02/2018 07:37:00 AM;2742;2742.5;2742.75;2742;806;0
05/02/2018 07:36:00 AM;2742.25;2742;2742.25;2741.75;685;0
05/02/2018 07:35:00 AM;2742.25;2742;2742.25;2742;531;0
05/02/2018 07:34:00 AM;2742.25;2742.25;2742.25;2741.75;425;0
05/02/2018 07:33:00 AM;2743.25;2742.25;2743.25;2742;733;0
05/02/2018 07:32:00 AM;2742.75;2743;2743.25;2742.25;661;0
05/02/2018 07:31:00 AM;2742.25;2742.75;2742.75;2741.75;868;0
05/02/2018 07:30:00 AM;2740.5;2742.5;2742.75;2740;2894;0
05/02/2018 07:29:00 AM;2738.5;2740.5;2740.5;2738;1254;0
05/02/2018 07:28:00 AM;2738.5;2738.5;2738.5;2738;416;0
05/02/2018 07:27:00 AM;2737;2738.25;2738.75;2736.75;1714;0
05/02/2018 07:26:00 AM;2738;2737;2738;2736.5;920;0
05/02/2018 07:25:00 AM;2739.5;2738;2739.5;2737.75;802;0
05/02/2018 07:24:00 AM;2739.75;2739.5;2740;2739.5;568;0
05/02/2018 07:23:00 AM;2738.75;2740;2740;2738.5;689;0
05/02/2018 07:22:00 AM;2739;2738.75;2739.5;2738.5;457;0
05/02/2018 07:21:00 AM;2737.75;2739;2739;2737.5;462;0
05/02/2018 07:20:00 AM;2738;2737.5;2738.25;2737.5;784;0
05/02/2018 07:19:00 AM;2738.75;2738;2738.75;2737.75;474;0
05/02/2018 07:18:00 AM;2738.75;2738.75;2739;2738.5;563;0
05/02/2018 07:17:00 AM;2738.5;2738.75;2739.25;2738.25;983;0
05/02/2018 07:16:00 AM;2738.25;2738.5;2738.75;2737.75;680;0
05/02/2018 07:15:00 AM;2735.75;2738.25;2738.5;2735.75;1275;0
05/02/2018 07:14:00 AM;2735.25;2735.75;2736.75;2735;1268;0
05/02/2018 07:13:00 AM;2736.25;2735.25;2736.25;2735;1539;0
05/02/2018 07:12:00 AM;2736.75;2736.25;2737;2736;1111;0
05/02/2018 07:11:00 AM;2737.25;2737;2737.5;2736.5;1049;0
05/02/2018 07:10:00 AM;2737;2737.25;2737.5;2736.75;1034;0
05/02/2018 07:09:00 AM;2736.75;2736.75;2737.5;2736.25;1187;0
05/02/2018 07:08:00 AM;2737.75;2736.75;2738;2736.5;2319;0
05/02/2018 07:07:00 AM;2738.75;2737.5;2738.75;2737.5;1653;0
05/02/2018 07:06:00 AM;2738.75;2738.5;2739.25;2738.5;967;0
05/02/2018 07:05:00 AM;2739.75;2738.75;2740;2738.75;663;0
05/02/2018 07:04:00 AM;2739;2739.5;2739.75;2739;794;0
05/02/2018 07:03:00 AM;2740.5;2739;2740.5;2739;2261;0
05/02/2018 07:02:00 AM;2740.75;2740.25;2741;2740.25;1912;0
05/02/2018 07:01:00 AM;2741.75;2741;2741.75;2740.75;881;0
05/02/2018 07:00:00 AM;2742.75;2741.5;2742.75;2741.5;1188;0
05/02/2018 06:59:00 AM;2742.75;2742.75;2742.75;2742;644;0
05/02/2018 06:58:00 AM;2743.25;2742.75;2743.25;2742.75;90;0
05/02/2018 06:57:00 AM;2743.75;2743.25;2743.75;2743;380;0
05/02/2018 06:56:00 AM;2744.25;2743.75;2744.25;2743.25;430;0
05/02/2018 06:55:00 AM;2744.5;2744;2744.5;2744;244;0
05/02/2018 06:54:00 AM;2743.5;2744.5;2744.5;2743.5;215;0
05/02/2018 06:53:00 AM;2743.75;2743.25;2744.5;2743.25;543;0
05/02/2018 06:52:00 AM;2743.25;2744;2744.25;2743;371;0
05/02/2018 06:51:00 AM;2743;2743.25;2743.5;2743;417;0
05/02/2018 06:50:00 AM;2743.5;2743;2744.25;2743;573;0
05/02/2018 06:49:00 AM;2743.25;2743.5;2744;2743.25;276;0
05/02/2018 06:48:00 AM;2743.5;2743.25;2743.75;2743.25;215;0
05/02/2018 06:47:00 AM;2742.75;2743.5;2743.75;2742.5;336;0
05/02/2018 06:46:00 AM;2743.25;2742.75;2744;2742.5;569;0
05/02/2018 06:45:00 AM;2743.25;2743.5;2743.5;2742.5;436;0
05/02/2018 06:44:00 AM;2742.75;2743.25;2743.25;2742.5;167;0
05/02/2018 06:43:00 AM;2742.75;2742.75;2743.75;2742.5;1059;0
05/02/2018 06:42:00 AM;2742.75;2742.75;2743.25;2742;1170;0
05/02/2018 06:41:00 AM;2743.25;2742.5;2744;2741.75;2320;0
05/02/2018 06:40:00 AM;2745.75;2743;2745.75;2743;1437;0
05/02/2018 06:39:00 AM;2746.25;2745.75;2746.25;2745.5;161;0
05/02/2018 06:38:00 AM;2746.25;2746.25;2746.5;2746;113;0
05/02/2018 06:37:00 AM;2746.5;2746.5;2746.75;2746.25;149;0
05/02/2018 06:36:00 AM;2746.5;2746.5;2747;2746.5;254;0
05/02/2018 06:35:00 AM;2747;2746.5;2747;2745.5;886;0
05/02/2018 06:34:00 AM;2747.25;2747;2747.5;2746.75;175;0
05/02/2018 06:33:00 AM;2747.5;2747.25;2747.5;2747.25;92;0
05/02/2018 06:32:00 AM;2746.75;2747.5;2747.5;2746.75;294;0
05/02/2018 06:31:00 AM;2747;2746.75;2747.25;2746.75;217;0
05/02/2018 06:30:00 AM;2747.25;2747.25;2747.25;2747;233;0
05/02/2018 06:29:00 AM;2746.75;2747;2747.25;2746.5;140;0
05/02/2018 06:28:00 AM;2746;2746.75;2746.75;2746;269;0
05/02/2018 06:27:00 AM;2745.75;2746;2746;2745.25;268;0
05/02/2018 06:26:00 AM;2745.5;2745.75;2746;2745.5;213;0
05/02/2018 06:25:00 AM;2746;2745.5;2746.25;2745.5;152;0
05/02/2018 06:24:00 AM;2745.75;2745.75;2746;2745.75;30;0
05/02/2018 06:23:00 AM;2745.5;2746;2746;2745.25;268;0
05/02/2018 06:22:00 AM;2746.75;2745.75;2747;2745.5;369;0
05/02/2018 06:21:00 AM;2746.5;2746.75;2747;2746.25;334;0
05/02/2018 06:20:00 AM;2746;2746.25;2746.25;2745.75;129;0
05/02/2018 06:19:00 AM;2746.25;2746.25;2746.5;2746;207;0
05/02/2018 06:18:00 AM;2745.75;2746;2746.25;2745.5;247;0
05/02/2018 06:17:00 AM;2746.25;2745.5;2746.5;2745;1239;0
05/02/2018 06:16:00 AM;2746.5;2746.25;2746.5;2746;97;0
05/02/2018 06:15:00 AM;2746.25;2746.25;2746.25;2746;59;0
05/02/2018 06:14:00 AM;2746;2746;2746;2745.25;301;0
05/02/2018 06:13:00 AM;2746.25;2746;2746.5;2746;204;0
05/02/2018 06:12:00 AM;2746;2746;2746.25;2745.25;422;0
05/02/2018 06:11:00 AM;2746.75;2746;2746.75;2745.5;610;0
05/02/2018 06:10:00 AM;2746;2746.75;2747;2745.75;330;0
05/02/2018 06:09:00 AM;2746.5;2746.25;2746.5;2745.75;371;0
05/02/2018 06:08:00 AM;2746.75;2746.5;2747.25;2745.25;1222;0
05/02/2018 06:07:00 AM;2746.75;2746.5;2747.25;2746.5;307;0
05/02/2018 06:06:00 AM;2747.5;2747;2747.5;2746.25;297;0
05/02/2018 06:05:00 AM;2747;2747.5;2747.5;2746.75;406;0
05/02/2018 06:04:00 AM;2747.25;2747.25;2747.75;2747;611;0
05/02/2018 06:03:00 AM;2747.75;2747.25;2748.25;2747.25;403;0
05/02/2018 06:02:00 AM;2748;2747.75;2748.25;2747.75;456;0
05/02/2018 06:01:00 AM;2749.5;2748;2749.5;2748;265;0
05/02/2018 06:00:00 AM;2749.25;2749.5;2749.5;2749;427;0
05/02/2018 05:59:00 AM;2748.5;2749.25;2749.25;2748.5;167;0
05/02/2018 05:58:00 AM;2748;2748.75;2748.75;2747.75;540;0
05/02/2018 05:57:00 AM;2748.5;2748;2748.5;2748;345;0
05/02/2018 05:56:00 AM;2748.25;2748.5;2748.75;2748;326;0
05/02/2018 05:55:00 AM;2748.75;2748.25;2748.75;2747.75;598;0
05/02/2018 05:54:00 AM;2749;2748.75;2749;2748.5;140;0
05/02/2018 05:53:00 AM;2749;2749;2749.25;2748.75;90;0
05/02/2018 05:52:00 AM;2749.5;2749.25;2749.5;2749.25;57;0
05/02/2018 05:51:00 AM;2749.25;2749.25;2749.5;2749;122;0
05/02/2018 05:50:00 AM;2749;2749.25;2749.25;2748.75;168;0
05/02/2018 05:49:00 AM;2749.25;2749.25;2749.75;2749;135;0
05/02/2018 05:48:00 AM;2749.5;2749.25;2749.5;2748.5;437;0
05/02/2018 05:47:00 AM;2749.5;2749.5;2750;2749.25;277;0
05/02/2018 05:46:00 AM;2748.5;2749.5;2749.75;2748.5;517;0
05/02/2018 05:45:00 AM;2749;2748.5;2749;2748.5;319;0
05/02/2018 05:44:00 AM;2749.25;2749.25;2749.75;2749.25;250;0
05/02/2018 05:43:00 AM;2748.75;2749.25;2749.5;2748.75;116;0
05/02/2018 05:42:00 AM;2748.75;2748.75;2748.75;2748.25;168;0
05/02/2018 05:41:00 AM;2748.75;2748.75;2749;2748.5;231;0
05/02/2018 05:40:00 AM;2748.75;2748.75;2749.25;2748;537;0
05/02/2018 05:39:00 AM;2749.25;2748.5;2749.25;2748.5;446;0
05/02/2018 05:38:00 AM;2748.5;2749.5;2750.75;2748.5;1517;0
05/02/2018 05:37:00 AM;2749.5;2748.5;2749.75;2748.5;384;0
05/02/2018 05:36:00 AM;2750.5;2749.5;2750.5;2749;382;0
05/02/2018 05:35:00 AM;2751;2750.5;2751;2750.5;271;0
05/02/2018 05:34:00 AM;2750.5;2751;2751;2750.5;119;0
05/02/2018 05:33:00 AM;2750.5;2750.25;2750.5;2750.25;61;0
05/02/2018 05:32:00 AM;2750;2750.5;2750.5;2750;181;0
05/02/2018 05:31:00 AM;2749.5;2749.75;2750.25;2749.25;352;0
05/02/2018 05:30:00 AM;2749.25;2749.5;2749.5;2749;253;0
05/02/2018 05:29:00 AM;2749.75;2749.5;2750.25;2749;547;0
05/02/2018 05:28:00 AM;2749.25;2750;2750;2749;161;0
05/02/2018 05:27:00 AM;2749.25;2749.25;2749.5;2749;224;0
05/02/2018 05:26:00 AM;2749.75;2749.25;2749.75;2749.25;173;0
05/02/2018 05:25:00 AM;2750;2749.75;2750;2749.25;506;0
05/02/2018 05:24:00 AM;2750.25;2749.75;2750.5;2749.75;364;0
05/02/2018 05:23:00 AM;2750.75;2750.25;2751.25;2750;613;0
05/02/2018 05:22:00 AM;2751.25;2750.75;2751.5;2750.25;618;0
05/02/2018 05:21:00 AM;2751;2751.5;2751.75;2751;226;0
05/02/2018 05:20:00 AM;2752;2751.25;2752.25;2751;401;0
05/02/2018 05:19:00 AM;2751.75;2752;2752;2751.75;175;0
05/02/2018 05:18:00 AM;2751.75;2751.75;2752;2751.5;144;0
05/02/2018 05:17:00 AM;2751.5;2751.75;2752;2751.5;344;0
05/02/2018 05:16:00 AM;2752.25;2751.75;2752.5;2751.5;373;0
05/02/2018 05:15:00 AM;2752.5;2752.25;2752.75;2752;341;0
05/02/2018 05:14:00 AM;2753.25;2752.75;2753.5;2752.75;434;0
05/02/2018 05:13:00 AM;2753.25;2753.25;2753.5;2753;163;0
05/02/2018 05:12:00 AM;2753.25;2753.5;2753.5;2753;128;0
05/02/2018 05:11:00 AM;2753.25;2753.25;2753.5;2753;239;0
05/02/2018 05:10:00 AM;2753.25;2753;2753.5;2752.75;459;0
05/02/2018 05:09:00 AM;2753.5;2753;2753.5;2753;479;0
05/02/2018 05:08:00 AM;2753.75;2753.5;2753.75;2753.25;260;0
05/02/2018 05:07:00 AM;2754.75;2754;2754.75;2753.75;393;0
05/02/2018 05:06:00 AM;2754;2755;2755;2754;435;0
05/02/2018 05:05:00 AM;2754;2754;2754.5;2753.75;299;0
05/02/2018 05:04:00 AM;2753.25;2754;2754.25;2753;614;0
05/02/2018 05:03:00 AM;2753.25;2753.25;2753.5;2753;363;0
05/02/2018 05:02:00 AM;2753.5;2753.25;2753.75;2752.75;663;0
05/02/2018 05:01:00 AM;2754.25;2753.5;2754.5;2753.25;679;0
05/02/2018 05:00:00 AM;2754.5;2754.5;2754.75;2754.25;209;0
05/02/2018 04:59:00 AM;2754.5;2754.5;2754.5;2754.25;171;0
05/02/2018 04:58:00 AM;2754.75;2754.25;2755;2754.25;222;0
05/02/2018 04:57:00 AM;2755.25;2754.75;2755.25;2754.75;191;0
05/02/2018 04:56:00 AM;2755.5;2755.25;2756;2755.25;167;0
05/02/2018 04:55:00 AM;2755.5;2755.75;2755.75;2755.25;101;0
05/02/2018 04:54:00 AM;2755.25;2755.5;2755.75;2755;376;0
05/02/2018 04:53:00 AM;2755;2755;2755.25;2754.75;219;0
05/02/2018 04:52:00 AM;2755.25;2755;2755.5;2755;402;0
05/02/2018 04:51:00 AM;2755.5;2755.5;2756;2755.25;599;0
05/02/2018 04:50:00 AM;2755.75;2755.5;2756;2755.5;143;0
05/02/2018 04:49:00 AM;2756;2755.75;2756.25;2755.75;381;0
05/02/2018 04:48:00 AM;2756;2756;2756.25;2756;465;0
05/02/2018 04:47:00 AM;2755.5;2756;2756.5;2755.25;933;0
05/02/2018 04:46:00 AM;2755.75;2755.75;2756;2755;1025;0
05/02/2018 04:45:00 AM;2756;2756;2756.25;2755.75;648;0
05/02/2018 04:44:00 AM;2755.25;2756;2756.25;2755;1156;0
05/02/2018 04:43:00 AM;2755.25;2755.25;2755.5;2754.75;808;0
05/02/2018 04:42:00 AM;2754.5;2755.5;2755.5;2754.25;1140;0
05/02/2018 04:41:00 AM;2753.75;2754.75;2755;2753.75;873;0
05/02/2018 04:40:00 AM;2753.75;2753.75;2754.5;2753.75;510;0
05/02/2018 04:39:00 AM;2753.5;2753.75;2753.75;2753.5;261;0
05/02/2018 04:38:00 AM;2753.75;2753.75;2754;2753.25;531;0
05/02/2018 04:37:00 AM;2752.75;2753.5;2753.5;2752.5;490;0
05/02/2018 04:36:00 AM;2752.75;2752.75;2753;2752.5;193;0
05/02/2018 04:35:00 AM;2752.75;2752.75;2753;2752.5;83;0
05/02/2018 04:34:00 AM;2752.75;2752.75;2753;2752.5;178;0
05/02/2018 04:33:00 AM;2752.5;2752.75;2752.75;2752;384;0
05/02/2018 04:32:00 AM;2751.75;2752.75;2752.75;2751.75;329;0
05/02/2018 04:31:00 AM;2751.75;2751.75;2752;2751.75;97;0
05/02/2018 04:30:00 AM;2752.5;2752;2752.75;2752;305;0
05/02/2018 04:29:00 AM;2751.25;2752.25;2752.25;2751.25;267;0
05/02/2018 04:28:00 AM;2750.75;2751.5;2751.5;2750.5;168;0
05/02/2018 04:27:00 AM;2752;2750.75;2752;2750.75;384;0
05/02/2018 04:26:00 AM;2751.5;2752.25;2752.25;2751.5;207;0
05/02/2018 04:25:00 AM;2752.5;2751.5;2752.5;2751.5;240;0
05/02/2018 04:24:00 AM;2752.25;2752.25;2752.75;2752.25;176;0
05/02/2018 04:23:00 AM;2752.5;2752.5;2753;2752.25;445;0
05/02/2018 04:22:00 AM;2752;2752.5;2752.75;2752;259;0
05/02/2018 04:21:00 AM;2751.75;2752;2752.5;2751.25;421;0
05/02/2018 04:20:00 AM;2750.75;2751.5;2751.5;2750.25;505;0
05/02/2018 04:19:00 AM;2751;2750.5;2752.5;2750.5;935;0
05/02/2018 04:18:00 AM;2751.75;2751;2751.75;2751;196;0
05/02/2018 04:17:00 AM;2752.5;2751.75;2752.75;2751.75;393;0
05/02/2018 04:16:00 AM;2752;2752.5;2753.25;2752;975;0
05/02/2018 04:15:00 AM;2751.5;2752;2752.25;2751;551;0
05/02/2018 04:14:00 AM;2751.75;2751.5;2752;2751.5;122;0
05/02/2018 04:13:00 AM;2751.75;2751.75;2752.75;2751.5;1132;0
05/02/2018 04:12:00 AM;2751.75;2751.5;2752;2751.25;454;0
05/02/2018 04:11:00 AM;2751.25;2751.75;2751.75;2751.25;368;0
05/02/2018 04:10:00 AM;2750.75;2751.25;2751.5;2750.5;412;0
05/02/2018 04:09:00 AM;2750.5;2750.5;2750.75;2750.25;269;0
05/02/2018 04:08:00 AM;2750.25;2750.5;2750.75;2750.25;169;0
05/02/2018 04:07:00 AM;2750.5;2750.25;2750.5;2750;322;0
05/02/2018 04:06:00 AM;2749.5;2750.25;2750.5;2749.25;341;0
05/02/2018 04:05:00 AM;2750;2749.75;2750;2749.5;297;0
05/02/2018 04:04:00 AM;2750;2750;2750.25;2749.75;262;0
05/02/2018 04:03:00 AM;2750;2750;2750.25;2749.75;333;0
05/02/2018 04:02:00 AM;2750;2750;2750.25;2749.75;174;0
05/02/2018 04:01:00 AM;2750.25;2750;2750.5;2749.5;500;0
05/02/2018 04:00:00 AM;2750;2750.25;2750.75;2749.75;565;0
05/02/2018 03:59:00 AM;2749.75;2750;2750.25;2749.75;294;0
05/02/2018 03:58:00 AM;2748.75;2750;2750;2748.75;452;0
05/02/2018 03:57:00 AM;2748.75;2748.75;2749.25;2748.25;1167;0
05/02/2018 03:56:00 AM;2748.5;2748.75;2749;2748.5;182;0
05/02/2018 03:55:00 AM;2748.75;2748.5;2748.75;2748.25;266;0
05/02/2018 03:54:00 AM;2748.75;2748.5;2748.75;2748;264;0
05/02/2018 03:53:00 AM;2749;2748.5;2749;2748.25;170;0
05/02/2018 03:52:00 AM;2748.75;2749;2749.25;2748.5;430;0
05/02/2018 03:51:00 AM;2749.75;2748.75;2750;2748.75;332;0
05/02/2018 03:50:00 AM;2751;2749.75;2751;2749.5;930;0
05/02/2018 03:49:00 AM;2749.75;2751.25;2751.25;2749.5;884;0
05/02/2018 03:48:00 AM;2749;2749.75;2750;2749;652;0
05/02/2018 03:47:00 AM;2748.75;2749;2749.25;2748.75;89;0
05/02/2018 03:46:00 AM;2748.75;2749;2749;2748.25;635;0
05/02/2018 03:45:00 AM;2749.75;2748.75;2750;2748.5;693;0
05/02/2018 03:44:00 AM;2748.75;2749.75;2750;2748.75;735;0
05/02/2018 03:43:00 AM;2748.75;2748.75;2748.75;2748.5;293;0
05/02/2018 03:42:00 AM;2748.5;2748.5;2748.75;2748.5;53;0
05/02/2018 03:41:00 AM;2748.75;2748.75;2749;2748.5;244;0
05/02/2018 03:40:00 AM;2748.75;2749;2749;2748.5;438;0
05/02/2018 03:39:00 AM;2749.5;2748.75;2749.5;2748;791;0
05/02/2018 03:38:00 AM;2749;2749.5;2749.75;2749;740;0
05/02/2018 03:37:00 AM;2748.25;2749;2749.25;2748;1056;0
05/02/2018 03:36:00 AM;2747.75;2748.5;2748.5;2747.5;707;0
05/02/2018 03:35:00 AM;2747.75;2747.5;2748;2747.5;397;0
05/02/2018 03:34:00 AM;2747.25;2747.75;2748;2747;466;0
05/02/2018 03:33:00 AM;2746.75;2747;2747.25;2746.75;319;0
05/02/2018 03:32:00 AM;2746.25;2746.75;2746.75;2745.5;906;0
05/02/2018 03:31:00 AM;2746;2746;2746.25;2745.75;309;0
05/02/2018 03:30:00 AM;2746.5;2745.75;2746.75;2745.5;846;0
05/02/2018 03:29:00 AM;2746.5;2746.5;2746.75;2746;232;0
05/02/2018 03:28:00 AM;2746.5;2746.25;2746.75;2746;414;0
05/02/2018 03:27:00 AM;2746.75;2746.5;2747;2746.5;338;0
05/02/2018 03:26:00 AM;2746.25;2746.75;2746.75;2746.25;206;0
05/02/2018 03:25:00 AM;2746.5;2746.5;2746.75;2746;439;0
05/02/2018 03:24:00 AM;2746.75;2746.25;2747.25;2746.25;348;0
05/02/2018 03:23:00 AM;2747;2746.75;2747.25;2746.5;441;0
05/02/2018 03:22:00 AM;2747;2746.75;2747.25;2746.5;276;0
05/02/2018 03:21:00 AM;2747;2747;2747;2746.75;269;0
05/02/2018 03:20:00 AM;2746.75;2747;2747;2746.25;235;0
05/02/2018 03:19:00 AM;2747;2746.75;2747.5;2746.5;828;0
05/02/2018 03:18:00 AM;2746.75;2747;2747;2746.25;395;0
05/02/2018 03:17:00 AM;2746.75;2746.75;2747;2746.25;294;0
05/02/2018 03:16:00 AM;2746.25;2746.75;2747;2746;431;0
05/02/2018 03:15:00 AM;2747;2746;2747.25;2746;643;0
05/02/2018 03:14:00 AM;2747.25;2747.25;2747.5;2747;180;0
05/02/2018 03:13:00 AM;2747.75;2747.25;2748;2747;305;0
05/02/2018 03:12:00 AM;2747;2747.75;2748;2746.75;414;0
05/02/2018 03:11:00 AM;2747.25;2747;2747.25;2746.25;825;0
05/02/2018 03:10:00 AM;2747.75;2747.25;2747.75;2747;360;0
05/02/2018 03:09:00 AM;2747.25;2748;2748;2747;444;0
05/02/2018 03:08:00 AM;2747.5;2747.25;2748;2747;969;0
05/02/2018 03:07:00 AM;2747.25;2747.5;2747.75;2747;573;0
05/02/2018 03:06:00 AM;2747;2747.25;2747.25;2746.75;748;0
05/02/2018 03:05:00 AM;2746.5;2747.25;2747.25;2746.25;870;0
05/02/2018 03:04:00 AM;2746.5;2746.75;2747;2744.5;3087;0
05/02/2018 03:03:00 AM;2747.75;2746.5;2748;2746.5;1044;0
05/02/2018 03:02:00 AM;2747.5;2748;2748;2747.25;1310;0
05/02/2018 03:01:00 AM;2748.5;2747.75;2748.75;2747;1778;0
05/02/2018 03:00:00 AM;2750.75;2748.5;2751;2748.5;2421;0
05/02/2018 02:59:00 AM;2751;2751;2751;2750.5;264;0
05/02/2018 02:58:00 AM;2750.5;2751;2751;2750.5;801;0
05/02/2018 02:57:00 AM;2750.5;2750.75;2751;2750.25;653;0
05/02/2018 02:56:00 AM;2750.25;2750.5;2751.25;2750.25;1017;0
05/02/2018 02:55:00 AM;2750.75;2750.25;2751;2750;382;0
05/02/2018 02:54:00 AM;2750.75;2750.75;2751.25;2750.5;383;0
05/02/2018 02:53:00 AM;2751.25;2750.75;2751.5;2750.25;154;0
05/02/2018 02:52:00 AM;2752;2751.25;2752;2751.25;204;0
05/02/2018 02:51:00 AM;2752;2752;2752.25;2751.75;273;0
05/02/2018 02:50:00 AM;2751.5;2752.25;2752.25;2751.25;339;0
05/02/2018 02:49:00 AM;2751;2751.25;2751.5;2751;431;0
05/02/2018 02:48:00 AM;2750.5;2751;2751;2750;665;0
05/02/2018 02:47:00 AM;2751;2750.5;2751;2750.25;523;0
05/02/2018 02:46:00 AM;2752.5;2751;2752.5;2750.75;438;0
05/02/2018 02:45:00 AM;2752.75;2752.5;2752.75;2752.5;129;0
05/02/2018 02:44:00 AM;2752.25;2753;2753;2752;638;0
05/02/2018 02:43:00 AM;2753.25;2752.5;2753.5;2752.5;566;0
05/02/2018 02:42:00 AM;2753.5;2753.5;2754.25;2753.5;323;0
05/02/2018 02:41:00 AM;2753;2753.5;2753.75;2752.5;357;0
05/02/2018 02:40:00 AM;2752.75;2753.25;2754;2752;762;0
05/02/2018 02:39:00 AM;2754.5;2752.75;2754.5;2752.5;522;0
05/02/2018 02:38:00 AM;2754.75;2754.5;2754.75;2754.25;233;0
05/02/2018 02:37:00 AM;2754.5;2754.75;2755;2754.25;580;0
05/02/2018 02:36:00 AM;2754;2754.25;2754.25;2753.75;160;0
05/02/2018 02:35:00 AM;2754;2753.75;2754.25;2753.75;571;0
05/02/2018 02:34:00 AM;2753;2754;2754.5;2753;499;0
05/02/2018 02:33:00 AM;2754;2752.75;2754;2752.75;308;0
05/02/2018 02:32:00 AM;2754;2754;2754.25;2754;157;0
05/02/2018 02:31:00 AM;2753.75;2754.25;2754.5;2753.5;872;0
05/02/2018 02:30:00 AM;2752.5;2753.75;2753.75;2752.5;572;0
05/02/2018 02:29:00 AM;2751.25;2752.5;2753;2751.25;596;0
05/02/2018 02:28:00 AM;2750.25;2751.25;2751.5;2750.25;501;0
05/02/2018 02:27:00 AM;2750.75;2750.25;2750.75;2750;325;0
05/02/2018 02:26:00 AM;2750.25;2750.5;2750.5;2750;375;0
05/02/2018 02:25:00 AM;2751;2750;2751.25;2750;442;0
05/02/2018 02:24:00 AM;2750.75;2751;2751.5;2750.5;453;0
05/02/2018 02:23:00 AM;2752.5;2751;2752.5;2750.75;464;0
05/02/2018 02:22:00 AM;2753;2752.25;2753;2752.25;266;0
05/02/2018 02:21:00 AM;2753.5;2753;2754;2753;595;0
05/02/2018 02:20:00 AM;2753.25;2753.75;2753.75;2753.25;204;0
05/02/2018 02:19:00 AM;2753.5;2753.25;2754;2753.25;567;0
05/02/2018 02:18:00 AM;2753.75;2753.25;2754;2753.25;196;0
05/02/2018 02:17:00 AM;2753.75;2754;2754.25;2753.75;215;0
05/02/2018 02:16:00 AM;2754;2754;2754.25;2753.75;170;0
05/02/2018 02:15:00 AM;2753.75;2753.75;2754;2753.5;192;0
05/02/2018 02:14:00 AM;2754;2754;2754;2753.25;464;0
05/02/2018 02:13:00 AM;2753.5;2754;2754;2753.5;316;0
05/02/2018 02:12:00 AM;2754;2753.75;2754;2753.75;291;0
05/02/2018 02:11:00 AM;2754;2754;2754.25;2753.75;346;0
05/02/2018 02:10:00 AM;2753.75;2754;2754;2753.5;127;0
05/02/2018 02:09:00 AM;2754.25;2753.75;2754.25;2753.5;468;0
05/02/2018 02:08:00 AM;2754;2754;2754.5;2753.75;390;0
05/02/2018 02:07:00 AM;2753.75;2754.25;2754.5;2753.75;461;0
05/02/2018 02:06:00 AM;2753.5;2753.75;2754;2753.5;798;0
05/02/2018 02:05:00 AM;2753;2753.5;2753.75;2752.75;450;0
05/02/2018 02:04:00 AM;2752.75;2753;2753.25;2752.5;337;0
05/02/2018 02:03:00 AM;2752.5;2752.75;2753.25;2752.25;810;0
05/02/2018 02:02:00 AM;2751.5;2752.25;2752.5;2751.25;771;0
05/02/2018 02:01:00 AM;2751.25;2751.5;2751.5;2750.75;277;0
05/02/2018 02:00:00 AM;2750;2751.25;2751.25;2750;609;0
05/02/2018 01:59:00 AM;2750.25;2750;2750.25;2749.75;93;0
05/02/2018 01:58:00 AM;2750;2750.25;2750.5;2750;67;0
05/02/2018 01:57:00 AM;2750.25;2750;2750.25;2749.75;287;0
05/02/2018 01:56:00 AM;2750.75;2750.25;2750.75;2750;208;0
05/02/2018 01:55:00 AM;2750;2750.75;2751;2749.75;422;0
05/02/2018 01:54:00 AM;2749.75;2750;2750;2749.5;459;0
05/02/2018 01:53:00 AM;2749;2750;2750;2748.75;228;0
05/02/2018 01:52:00 AM;2749;2748.75;2749.75;2748.75;188;0
05/02/2018 01:51:00 AM;2749;2749;2749.25;2749;49;0
05/02/2018 01:50:00 AM;2748.75;2749;2749.25;2748.75;80;0
05/02/2018 01:49:00 AM;2748.75;2749;2749;2748.5;66;0
05/02/2018 01:48:00 AM;2748.5;2749;2749;2748.5;38;0
05/02/2018 01:47:00 AM;2748.25;2748.5;2748.5;2748.25;34;0
05/02/2018 01:46:00 AM;2748.75;2748.25;2749;2748.25;129;0
05/02/2018 01:45:00 AM;2748;2748.75;2748.75;2747.75;154;0
05/02/2018 01:44:00 AM;2748.5;2748;2748.5;2748;59;0
05/02/2018 01:43:00 AM;2748.5;2748.5;2748.75;2748.5;53;0
05/02/2018 01:42:00 AM;2748.75;2748.5;2748.75;2748.5;50;0
05/02/2018 01:41:00 AM;2748.5;2748.75;2748.75;2748.5;64;0
05/02/2018 01:40:00 AM;2747.75;2748.25;2748.5;2747.5;107;0
05/02/2018 01:39:00 AM;2747.5;2747.75;2747.75;2747.5;56;0
05/02/2018 01:38:00 AM;2747;2747.5;2747.5;2746.25;389;0
05/02/2018 01:37:00 AM;2747.25;2747;2747.75;2747;272;0
05/02/2018 01:36:00 AM;2747;2747.25;2747.5;2746.75;262;0
05/02/2018 01:35:00 AM;2747.5;2747;2747.5;2746.75;227;0
05/02/2018 01:34:00 AM;2747.75;2747.5;2747.75;2747.25;265;0
05/02/2018 01:33:00 AM;2748;2747.75;2748;2747.25;108;0
05/02/2018 01:32:00 AM;2747.75;2748.25;2748.25;2747.25;423;0
05/02/2018 01:31:00 AM;2748.25;2747.5;2748.25;2747.5;370;0
05/02/2018 01:30:00 AM;2748.5;2748.25;2748.5;2748;377;0
05/02/2018 01:29:00 AM;2749.25;2748.5;2749.25;2748.25;119;0
05/02/2018 01:28:00 AM;2749.25;2749.25;2749.25;2749;35;0
05/02/2018 01:27:00 AM;2748.5;2749.25;2749.25;2748.5;145;0
05/02/2018 01:26:00 AM;2748.5;2748.25;2748.75;2748;71;0
05/02/2018 01:25:00 AM;2749;2748.75;2749.25;2748.75;196;0
05/02/2018 01:24:00 AM;2749.25;2749;2749.5;2749;104;0
05/02/2018 01:23:00 AM;2749.25;2749.25;2749.5;2749.25;249;0
05/02/2018 01:22:00 AM;2748.75;2749.25;2749.5;2748.75;433;0
05/02/2018 01:21:00 AM;2748.5;2748.75;2748.75;2747.25;777;0
05/02/2018 01:20:00 AM;2749.5;2748.75;2749.75;2748.75;193;0
05/02/2018 01:19:00 AM;2750;2749.75;2750;2749.75;96;0
05/02/2018 01:18:00 AM;2749.5;2750;2750.25;2749.25;342;0
05/02/2018 01:17:00 AM;2749.75;2749.75;2750;2749.75;193;0
05/02/2018 01:16:00 AM;2750;2749.5;2750;2749.25;183;0
05/02/2018 01:15:00 AM;2749.5;2750;2750.5;2749.5;363;0
05/02/2018 01:14:00 AM;2749;2749.5;2749.5;2748.75;167;0
05/02/2018 01:13:00 AM;2748.25;2748.75;2749;2748.25;189;0
05/02/2018 01:12:00 AM;2748.25;2748.25;2748.5;2748;73;0
05/02/2018 01:11:00 AM;2747.75;2748;2748.5;2747.5;464;0
05/02/2018 01:10:00 AM;2749.75;2747.75;2750;2747.75;1000;0
05/02/2018 01:09:00 AM;2750;2750;2750.25;2749.75;76;0
05/02/2018 01:08:00 AM;2750.25;2750;2750.5;2749.75;274;0
05/02/2018 01:07:00 AM;2750.75;2750.25;2750.75;2750.25;52;0
05/02/2018 01:06:00 AM;2751;2750.5;2751;2750.5;153;0
05/02/2018 01:05:00 AM;2751;2751;2751;2751;94;0
05/02/2018 01:04:00 AM;2751;2751;2751;2750.75;210;0
05/02/2018 01:03:00 AM;2751.25;2751.25;2751.5;2751;133;0
05/02/2018 01:02:00 AM;2751.25;2751.25;2751.25;2751;151;0
05/02/2018 01:01:00 AM;2751;2751;2751.25;2751;7;0
05/02/2018 01:00:00 AM;2751;2751;2751.25;2750.75;125;0
05/02/2018 12:59:00 AM;2751;2751;2751;2750.75;82;0
05/02/2018 12:58:00 AM;2750.75;2751;2751;2750.75;20;0
05/02/2018 12:57:00 AM;2751;2751;2751.25;2751;150;0
05/02/2018 12:56:00 AM;2750.75;2751;2751;2750.75;97;0
05/02/2018 12:55:00 AM;2750.75;2750.75;2750.75;2750.75;1;0
05/02/2018 12:54:00 AM;2750.75;2751;2751;2750.75;47;0
05/02/2018 12:53:00 AM;2750.75;2750.75;2751;2750.5;74;0
05/02/2018 12:52:00 AM;2751;2751;2751.5;2750.75;204;0
05/02/2018 12:51:00 AM;2751.25;2751.25;2751.5;2751.25;77;0
05/02/2018 12:50:00 AM;2751;2751.25;2751.25;2751;73;0
05/02/2018 12:49:00 AM;2751;2751;2751.25;2751;82;0
05/02/2018 12:48:00 AM;2750.75;2751;2751;2750.75;12;0
05/02/2018 12:47:00 AM;2750.5;2750.75;2750.75;2750.5;25;0
05/02/2018 12:46:00 AM;2750.5;2750.5;2750.5;2750.25;131;0
05/02/2018 12:45:00 AM;2750.75;2750.5;2750.75;2750.5;41;0
05/02/2018 12:44:00 AM;2750.75;2750.5;2750.75;2750.5;60;0
05/02/2018 12:43:00 AM;2750.75;2750.75;2751;2750.5;79;0
05/02/2018 12:42:00 AM;2751;2750.75;2751.25;2750.5;114;0
05/02/2018 12:41:00 AM;2751;2751;2751.25;2751;53;0
05/02/2018 12:40:00 AM;2751;2751.25;2751.25;2750.75;98;0
05/02/2018 12:39:00 AM;2751;2751;2751;2751;62;0
05/02/2018 12:38:00 AM;2751;2751;2751.25;2750.75;80;0
05/02/2018 12:37:00 AM;2751;2751.25;2751.25;2751;4;0
05/02/2018 12:36:00 AM;2751;2751;2751.25;2751;84;0
05/02/2018 12:35:00 AM;2750.75;2751;2751;2750.75;23;0
05/02/2018 12:34:00 AM;2750.75;2750.5;2750.75;2750.5;60;0
05/02/2018 12:33:00 AM;2750.75;2750.75;2750.75;2750.5;19;0
05/02/2018 12:32:00 AM;2750.5;2750.75;2751;2750.5;73;0
05/02/2018 12:31:00 AM;2750.25;2750.75;2750.75;2750.25;31;0
05/02/2018 12:30:00 AM;2750;2750.5;2750.5;2750;120;0
05/02/2018 12:29:00 AM;2750.25;2750.25;2750.25;2750;139;0
05/02/2018 12:28:00 AM;2750;2750.25;2750.25;2750;43;0
05/02/2018 12:27:00 AM;2750.25;2750.25;2750.5;2750.25;262;0
05/02/2018 12:26:00 AM;2750.75;2750.5;2750.75;2750.5;144;0
05/02/2018 12:25:00 AM;2750.75;2750.75;2751;2750.75;122;0
05/02/2018 12:24:00 AM;2751;2750.75;2751;2750.75;111;0
05/02/2018 12:23:00 AM;2751.25;2751.25;2751.25;2751;95;0
05/02/2018 12:22:00 AM;2751;2751.25;2751.5;2751;100;0
05/02/2018 12:21:00 AM;2751;2751;2751.5;2751;172;0
05/02/2018 12:20:00 AM;2751.25;2751;2751.25;2751;142;0
05/02/2018 12:19:00 AM;2751;2751.25;2751.5;2751;61;0
05/02/2018 12:18:00 AM;2751.25;2751;2751.5;2750.75;289;0
05/02/2018 12:17:00 AM;2751.25;2751.25;2751.5;2751.25;360;0
05/02/2018 12:16:00 AM;2751.25;2751;2751.5;2751;294;0
05/02/2018 12:15:00 AM;2751;2751.25;2751.25;2751;91;0
05/02/2018 12:14:00 AM;2751;2751;2751.25;2750.75;141;0
05/02/2018 12:13:00 AM;2751;2750.75;2751;2750.75;36;0
05/02/2018 12:12:00 AM;2750.25;2751;2751;2750.25;332;0
05/02/2018 12:11:00 AM;2750.5;2750.25;2750.75;2750;116;0
05/02/2018 12:10:00 AM;2750.75;2750.5;2751;2750.5;34;0
05/02/2018 12:09:00 AM;2750.75;2750.5;2751;2750.5;60;0
05/02/2018 12:08:00 AM;2750.5;2750.5;2750.5;2750.25;35;0
05/02/2018 12:07:00 AM;2750.5;2750.75;2750.75;2750.5;61;0
05/02/2018 12:06:00 AM;2750.75;2750.25;2750.75;2750.25;78;0
05/02/2018 12:05:00 AM;2750.25;2750.5;2750.75;2750.25;102;0
05/02/2018 12:04:00 AM;2750.5;2750.25;2750.5;2750.25;74;0
05/02/2018 12:03:00 AM;2750.75;2750.5;2750.75;2750.25;111;0
05/02/2018 12:02:00 AM;2750.5;2750.5;2750.75;2750.25;84;0
05/02/2018 12:01:00 AM;2750.5;2750.5;2750.5;2750.25;73;0
05/02/2018 12:00:00 AM;2750;2750.25;2750.5;2750;35;0
